{"_timestamp":1.7399278018737e+09,"_step":17,"val_instance_loss":0.7593591625873859,"val_total_loss":0.8349722136671727,"train_total_loss":0.11023660056033538,"val_binary_loss":0.07561304656645426,"_runtime":695.569922531,"visualization":{"size":123612,"path":"media/images/visualization_15_eb28ff8ce33ee2f3b280.png","format":"png","width":2048,"height":256,"caption":"Epoch 6 - Batch 0","_type":"image-file","sha256":"eb28ff8ce33ee2f3b280595ab695eef7321def5b9b9873d92a083898a35b703e"},"epoch":6,"train_binary_loss":0.047389888209267636,"_wandb":{"runtime":695},"train_instance_loss":0.06284671256652297}