{"val_binary_loss":0.0769956333276171,"_wandb":{"runtime":2324},"_step":59,"train_total_loss":0.14988961802860398,"val_total_loss":1.0436084551306872,"val_instance_loss":0.9666128187225416,"_timestamp":1.7400113287804089e+09,"_runtime":2324.079217022,"visualization":{"path":"media/images/visualization_57_6f0904f09abfc7059f6b.png","format":"png","width":2048,"height":256,"caption":"Epoch 20 - Batch 0","_type":"image-file","sha256":"6f0904f09abfc7059f6baa7eabe98ca1113073c39db18bd7d40c1da2a09c3373","size":159657},"epoch":20,"train_binary_loss":0.04572723216530102,"train_instance_loss":0.10416238573819991}