{"train_instance_loss":0.0782787606342515,"val_total_loss":0.900707469536708,"_wandb":{"runtime":1159},"_timestamp":1.7399345660934024e+09,"visualization":{"format":"png","width":2048,"height":256,"caption":"Epoch 10 - Batch 0","_type":"image-file","sha256":"26bf221541eb635523af3dc55e4f3014fb31a84a4c135400613b2596a94fa7ac","size":135170,"path":"media/images/visualization_27_26bf221541eb635523af.png"},"_step":29,"train_total_loss":0.12416917374774591,"train_binary_loss":0.045890413391501156,"val_binary_loss":0.07263571439454189,"val_instance_loss":0.8280717524198385,"epoch":10,"_runtime":1158.825050867}