{"train_instance_loss":0.06619645703806361,"_wandb":{"runtime":4588},"epoch":40,"val_binary_loss":0.06900326793010418,"visualization":{"path":"media/images/visualization_117_f507702ef5f860cb4f68.png","format":"png","width":2048,"height":256,"caption":"Epoch 40 - Batch 0","_type":"image-file","sha256":"f507702ef5f860cb4f6821f8c819257413ddba03a2e987442581c2e931efd34b","size":138751},"_step":119,"_runtime":4588.308159486,"_timestamp":1.7401115950519764e+09,"val_instance_loss":0.8658265889837191,"val_total_loss":0.9348298557675802,"train_binary_loss":0.04097101906898307,"train_total_loss":0.10716747618581525}