{"_timestamp":1.7400059027849078e+09,"train_total_loss":0.18197039768692866,"epoch":10,"val_binary_loss":0.07725541279293023,"visualization":{"path":"media/images/visualization_27_bde7f3414bc06626f649.png","format":"png","width":2048,"height":256,"caption":"Epoch 10 - Batch 0","_type":"image-file","sha256":"bde7f3414bc06626f649a3f9dce82ee706dd3b50a2ccdfd4866b1939546c1263","size":154800},"train_binary_loss":0.0520870905388054,"_runtime":1154.010482203,"val_total_loss":0.9107907935976982,"_wandb":{"runtime":1154},"train_instance_loss":0.12988330737979553,"_step":29,"val_instance_loss":0.8335353766496365}