{"_timestamp":1.7400079356086123e+09,"_step":44,"epoch":15,"_wandb":{"runtime":1739},"val_binary_loss":0.07577430557173032,"visualization":{"path":"media/images/visualization_42_3a0f072981bd705e978b.png","format":"png","width":2048,"height":256,"caption":"Epoch 15 - Batch 0","_type":"image-file","sha256":"3a0f072981bd705e978bb08c69fd9d54a96746efdb4ecf7150f77bc78fe10688","size":148698},"val_total_loss":0.9923100649164274,"train_total_loss":0.17508992528663345,"_runtime":1739.403014281,"train_binary_loss":0.04747880692246245,"val_instance_loss":0.9165357609207814,"train_instance_loss":0.1276111182298011}