{"val_instance_loss":1.1873926600584617,"train_instance_loss":1.6527043559139047,"_timestamp":1.7399265404083536e+09,"_wandb":{"runtime":144},"visualization":{"sha256":"203898714b920728f677628d8d00131ab1db1032e0180052efdf81a63396a603","size":120672,"path":"media/images/visualization_3_203898714b920728f677.png","format":"png","width":2048,"height":256,"caption":"Epoch 2 - Batch 0","_type":"image-file"},"_runtime":137.106248706,"val_binary_loss":0.08111000705796939,"train_binary_loss":0.13640156796025993,"_step":3,"train_total_loss":1.7891059178321516,"val_total_loss":1.2685026675462723,"epoch":1}