{"val_instance_loss":0.8260051946227367,"_step":59,"_wandb":{"runtime":2320},"val_binary_loss":0.06962019828363107,"visualization":{"path":"media/images/visualization_57_1c2908c1606d59f64abf.png","format":"png","width":2048,"height":256,"caption":"Epoch 20 - Batch 0","_type":"image-file","sha256":"1c2908c1606d59f64abfef7aa7bed6a314cdce1ace4560f53b775e26d0cd9710","size":125484},"_timestamp":1.7400139150429637e+09,"train_binary_loss":0.04144581365607568,"_runtime":2320.341793546,"epoch":20,"train_total_loss":0.12364054385998949,"train_instance_loss":0.08219473019696365,"val_total_loss":0.895625392978008}