{"_wandb":{"runtime":1144},"visualization":{"width":2048,"height":256,"caption":"Epoch 10 - Batch 0","_type":"image-file","sha256":"537b72f94bae9bee91b440035d7a413f492171dc9ec4c58ecdb37064ad35e885","size":137033,"path":"media/images/visualization_27_537b72f94bae9bee91b4.png","format":"png"},"train_total_loss":0.05690611086192712,"_runtime":1144.529015296,"train_binary_loss":0.048100983659129834,"val_instance_loss":0.8442583897939095,"_step":29,"train_instance_loss":0.09212661464582776,"epoch":10,"_timestamp":1.7401170494845924e+09,"val_total_loss":0.9153521376160475,"val_binary_loss":0.07109374896838115}