{"_timestamp":1.7401189307302306e+09,"train_total_loss":0.2038191425896699,"epoch":10,"val_total_loss":1.037075390609411,"_runtime":1148.711977609,"visualization":{"format":"png","width":2048,"height":256,"caption":"Epoch 10 - Batch 0","_type":"image-file","sha256":"d0dcac01b50ca3cea2754e66f1c49ab259649b9b9c91dabc4778e9fdf232efde","size":128096,"path":"media/images/visualization_27_d0dcac01b50ca3cea275.png"},"_step":29,"_wandb":{"runtime":1148},"val_binary_loss":0.07214055145875765,"train_binary_loss":0.05158128979527832,"train_instance_loss":0.24187860171778583,"val_instance_loss":0.9649348453833506}