{"epoch":10,"val_binary_loss":0.07301334012299776,"train_instance_loss":0.1295783540549044,"_step":29,"train_binary_loss":0.05078634958881051,"_wandb":{"runtime":1149},"visualization":{"format":"png","width":2048,"height":256,"caption":"Epoch 10 - Batch 0","_type":"image-file","sha256":"4a41d4c61dd2ff8dad124f19e7485bf1e3d837688fffb8b193c15a30c1339884","size":139698,"path":"media/images/visualization_27_4a41d4c61dd2ff8dad12.png"},"train_total_loss":0.0901823519585441,"val_total_loss":0.9701884549397689,"_timestamp":1.7401207624379077e+09,"val_instance_loss":0.897175111163121,"_runtime":1149.839096463}